nombre,titulo,sinopsis,fecha_alta,producto_tipoid,tipo,ean,isbn,referencia,portada_url,id_origen
Cuaderno del Alumno Monitor de comedor escolar y tiempo libre. Formación para el Empleo,,,2010-10-05,1,Manual,9000000002166.0,,1036271.0,,216.0
Manual. Logística sanitaria en situaciones de atención a múltiples víctimas y catástrofes  (MF0360_2). Certificados de profesionalidad. Atención sanitaria a múltiples víctimas y catástrofes (SANT0108),Logística sanitaria en situaciones de atención a múltiples víctimas y catástrofes  (MF0360_2),,2013-02-20,1,Manual,9000000663305.0,,1046577.0,,39489.0
"Manual. Gestión de recursos laborales, formativos y análisis de puestos de trabajo para la inserción sociolaboral de personas con Discapacidad (MF1034_3). Certificados de profesionalidad. Inserción laboral de personas con discapacidad (SSCG0109)","Gestión de recursos laborales, formativos y análisis de puestos de trabajo para la inserción sociolaboral de personas con Discapacidad (MF1034_3)",,2015-01-09,1,Manual,9000000730526.0,,73052.0,,43110.0
Manual. Desarrollo de habilidades personales y sociales de las personas con discapacidad (UF0799). Certificados de profesionalidad. Inserción Laboral de Personas con Discapacidad (SSCG0109),Desarrollo de habilidades personales y sociales de las personas con discapacidad (UF0799),,2014-11-28,1,Manual,9000000753617.0,,75361.0,,45016.0
Manual. Optimización de la cadena logística (Transversal: MF1005_3). Certificados de profesionalidad,Optimización de la cadena logística (MF1005_3),,2014-10-31,1,Manual,9000000754638.0,,75463.0,,45099.0
Manual. Promociones en espacios comerciales (Transversal: MF0503_3). Certificados de profesionalidad,Promociones en espacios comerciales (MF0503_3),,2015-03-13,1,Manual,9000000761582.0,,76158.0,,45604.0
Manual. Habilidades de comunicación y promoción de conductas adaptadas de la persona con discapacidad (UF0800). Certificados de profesionalidad. Inserción laboral de personas con discapacidad (SSCG0109),Habilidades de comunicación y promoción de conductas adaptadas de la persona con discapacidad (UF0800),,2014-12-24,1,Manual,9000000761643.0,,76164.0,,45610.0
Técnicas administrativas básicas de oficina. Manual teórico,,,2015-01-28,1,Manual,9000000762640.0,,76264.0,,45656.0
Manual. Entrenamiento de habilidades laborales (UF0801). Certificados de profesionalidad. Inserción Laboral de Personas con Discapacidad (SSCG0109),Entrenamiento de habilidades laborales (UF0801),,2014-12-30,1,Manual,9000000769380.0,,76938.0,,46101.0
Manual. Seguimiento del proceso de inserción sociolaboral de personas con discapacidad (MF1037_3). Certificados de profesionalidad. Inserción laboral de personas con discapacidad (SSCG0109),Seguimiento del proceso de inserción sociolaboral de personas con discapacidad (MF1037_3),,2015-02-19,1,Manual,9000000783942.0,,78394.0,,47303.0
"Manual. Gestión de quejas y reclamaciones en materia de consumo (MF0245_3). Certificados de profesionalidad. Atención al cliente, consumidor o usuario (COMT0110)",Gestión de quejas y reclamaciones en materia de consumo (MF0245_3),,2017-03-27,1,Manual,9000001169998.0,,116999.0,,110159.0
Manual. Metodología de empleo con apoyo en la inserción sociolaboral de personas con Discapacidad (MF1036_3). Certificados de profesionalidad. Inserción laboral de personas con discapacidad (SSCG0109),Metodología de empleo con apoyo en la inserción sociolaboral de personas con Discapacidad (MF1036_3),,2015-03-20,1,Manual,9000000796874.0,,79687.0,,48274.0
Manual. Preparación de pedidos (Transversal: MF1326_1). Certificados de profesionalidad,Preparación de pedidos (MF1326_1),,2015-05-15,1,Manual,9000000807594.0,,80760.0,,48936.0
Manual. Técnicas de información y atención al cliente / consumidor / usuario (Transversal: UF0037). Certificados de profesionalidad,Técnicas de información y atención al cliente / consumidor / usuario (UF0037),,2016-02-05,1,Manual,9000000809055.0,,80905.0,,49080.0
Manual. Gestión de la atención al cliente / consumidor / usuario (Transversal: UF0036). Certificados de profesionalidad,Gestión de la atención al cliente / consumidor / usuario (UF0036),,2016-02-12,1,Manual,9000000852150.0,,85215.0,,52711.0
Manual. Manipulación de cargas con carretillas elevadoras (Transversal: MF0432_1). Certificados de profesionalidad,Manipulación de cargas con carretillas elevadoras (MF0432_1),,2016-06-13,1,Manual,9000001114776.0,,111477.0,,105686.0
MF0996 Limpieza del mobiliario interior,,,2018-09-28,1,Manual,9000001446099.0,,144609.0,,131260.0
"Manual. Inserción laboral, sensibilización medioambiental y en la igualdad de género (FCOO03). Formación complementaria","Inserción laboral, sensibilización medioambiental y en la igualdad de género (FCOO03). Formación complementaria",,2017-10-26,1,Manual,9000001208451.0,,120845.0,,113304.0
Manual. Sistemas de información y bases de datos en consumo (Transversal: UF1755). Certificados de profesionalidad,,,2018-07-03,1,Manual,9000001232982.0,,123298.0,,115679.0
Manual. Inglés profesional para Actividades comerciales (MF1002_2: Transversal). Certificados de profesionalidad,,,2018-09-19,1,Manual,9000001384629.0,,138462.0,,125133.0
UF1842 Desarrollo y reutilización de componentes software y multimedia mediante lenguajes de guión. IFCD0210 - Desarrollo de aplicaciones con tecnologías web,,,2018-09-27,1,Manual,9000001413701.0,,141370.0,,128023.0
MF1088_1 Técnicas y procedimientos de limpieza con utilización de maquinaria SSCM0108,,,2018-09-28,1,Manual,9000001429238.0,,142923.0,,129574.0
UF0039 Limpieza y puesta a punto de pisos y zonas comunes en alojamientos HOTA0108,,,2018-09-28,1,Manual,9000001429566.0,,142956.0,,129607.0
MF1087 Limpieza de cristales en edificios y locales,,,2018-09-28,1,Manual,9000001446082.0,,144608.0,,131259.0
"MF0972 Limpieza, tratamiento y mantenimiento de suelos, paredes y techos en edificios y locales",,,2018-09-28,1,Manual,9000001446266.0,,144626.0,,131277.0
Manual. Grabación de datos (Transversal: MF0973_1). Certificados de profesionalidad,,,2019-03-01,1,Manual,9000001716468.0,,171646.0,,157670.0
Implantación y control de un sistema contable informatizado UF0316,,,2019-10-23,1,Manual,9000001777827.0,,177782.0,,162932.0
Animación social de personas dependientes en instituciones UF0129,,,2019-10-23,1,Manual,9000001779067.0,,177906.0,,163056.0
Intervención en la atención higiénico-alimentaria en instituciones  MF1017_2,,,2019-10-23,1,Manual,9000001779098.0,,177909.0,,163059.0
Mantenimiento y mejora de las actividades diarias de personas dependientes en instituciones UF0130,,,2019-10-23,1,Manual,9000001779111.0,,177911.0,,163061.0
Técnicas de comunicación con personas dependientes en instituciones UF0131,,,2019-10-23,1,Manual,9000001779128.0,,177912.0,,163062.0
Manual. Operaciones auxiliares de almacenaje (MF1325_1). Certificados de profesionalidad. Actividades auxiliares de almacén (COML0110),,,2019-11-04,1,Manual,9000001782074.0,,178207.0,,163311.0
Manual. Documentación e informes en consumo (Transversal: UF1756). Certificados de profesionalidad,,,2020-03-10,1,Manual,9000001825603.0,,182560.0,,167100.0
Manual. Manipulación de cargas con carretillas elevadoras (Transversal: MF0432_1). Certificados de profesionalidad,,,2020-03-10,1,Manual,9000001825924.0,,182592.0,,167132.0
Manual. Gestión de archivos (MF0978_2). Certificados de profesionalidad. Actividades de gestión administrativa (ADGD0308),,,2020-03-10,1,Manual,9000001826228.0,,182622.0,,167162.0
Manual. Plan General de Contabilidad (UF0515). Certificados de profesionalidad. Actividades de gestión administrativa (ADGD0308),,,2020-03-10,1,Manual,9000001826280.0,,182628.0,,167168.0
Manual. Aplicaciones informáticas de contabilidad (UF0516). Certificados de profesionalidad. Actividades de gestión administrativa (ADGD0308),,,2020-03-10,1,Manual,9000001826303.0,,182630.0,,167170.0
UF0514 - Gestión auxiliar de reproducción en soporte convencional o informático,,,2022-01-21,1,Manual,9000001941921.0,,194192.0,,176849.0
"Manual. Sistema operativo, búsqueda de la información: internet/intranet y correo electrónico (UF0319). Certificados de profesionalidad. Actividades de gestión administrativa (ADGD0308)",,,2020-03-10,1,Manual,9000001826327.0,,182632.0,,167172.0
Manual. Aplicaciones informáticas de hojas de cálculo (UF0321). Certificados de profesionalidad. Actividades de gestión administrativa (ADGD0308),,,2020-03-10,1,Manual,9000001826365.0,,182636.0,,167176.0
Manual. Aplicaciones informáticas de bases de datos relacionales (UF0322). Certificados de profesionalidad. Actividades de gestión administrativa (ADGD0308),,,2020-03-10,1,Manual,9000001826389.0,,182638.0,,167178.0
Manual. Aplicaciones informáticas para presentaciones: gráficas de información (UF0323). Certificados de profesionalidad. Actividades de gestión administrativa (ADGD0308),,,2020-03-10,1,Manual,9000001826402.0,,182640.0,,167180.0
Manual. Procesadores de textos y presentaciones de información básicos (UF0510). Certificados de profesionalidad. Operaciones de grabación y tratamiento de datos y documentos (ADGG0508),,,2020-03-10,1,Manual,9000001826549.0,,182654.0,,167194.0
Manual. Gestión auxiliar de archivo en soporte convencional o informático (UF0513). Certificados de profesionalidad. Operaciones auxiliares de servicios administrativos y generales (ADGG0408),,,2020-03-10,1,Manual,9000001826587.0,,182658.0,,167198.0
Manual. Gestión auxiliar de reproducción en soporte convencional o informático (UF0514). Certificados de profesionalidad. Operaciones auxiliares de servicios administrativos y generales (ADGG0408),,,2020-03-10,1,Manual,9000001826600.0,,182660.0,,167200.0
MF1329_1. Atención básica al cliente. COMT0211 - Actividades auxiliares de comercio,,,2022-01-19,1,Manual,9000001939355.0,,193935.0,,176600.0
UF0418. Organización y ejecución del montaje de instalaciones de climatización y ventilación-extracción. IMAR0208 - Montaje y mantenimiento de instalaciones en climatización y ventilación-extracción,,,2022-01-19,1,Manual,9000001939928.0,,193992.0,,176657.0
UF0420. Prevención de Riesgos y gestión medioambiental en instalaciones de climatización y ventilación-extracción. IMAR0208 - Montaje y mantenimiento de instalaciones en climatización y ventilación-extracción,,,2022-01-19,1,Manual,9000001939935.0,,193993.0,,176658.0
UF0421. Mantenimiento preventivo de instalaciones de climatización y ventilación-extracción. IMAR0208 - Montaje y mantenimiento de instalaciones en climatización y ventilación-extracción,,,2022-01-19,1,Manual,9000001939942.0,,193994.0,,176659.0
UF0422. Mantenimiento correctivo de instalaciones de climatización y ventilación-extracción. IMAR0208 - Montaje y mantenimiento de instalaciones en climatización y ventilación-extracción,,,2022-01-19,1,Manual,9000001939959.0,,193995.0,,176660.0
UF0520. Comunicación en las relaciones profesionales,,,2022-01-21,1,Manual,9000001941938.0,,194193.0,,176850.0
MF0973_1. Grabación de datos (2ª ed.),,,2022-01-21,1,Manual,9000001942003.0,,194200.0,,176857.0
UF0518. Gestión auxiliar de la correspondencia y paquetería en la empresa,,,2022-02-17,1,Manual,9000001951722.0,,195172.0,,177609.0
Manual. Organización empresarial y de recursos humanos (UF0517). Certificados de profesionalidad. Operaciones auxiliares de servicios administrativos y generales (ADGG0408),,,2022-04-13,1,Manual,9000001969420.0,,196942.0,,179085.0
Manual. Gestión auxiliar de la correspondencia y paquetería en la empresa (UF0518). Certificados de profesionalidad. Operaciones auxiliares de servicios administrativos y generales (ADGG0408),,,2022-04-13,1,Manual,9000001969437.0,,196943.0,,179086.0
Manual. Gestión auxiliar de documentación económico-administrativa y comercial (UF0519). Certificados de profesionalidad. Operaciones auxiliares de servicios administrativos y generales (ADGG0408),,,2022-04-13,1,Manual,9000001969444.0,,196944.0,,179087.0
UF1964 - Conexionado de componentes en equipos eléctricos y electrónicos,,,2022-06-01,1,Manual,9000002006377.0,,VERTICE_9788416424436_MX,,180897.0
Manual. Comunicación en las relaciones profesionales (UF0520). Certificados de profesionalidad. Operaciones auxiliares de servicios administrativos y generales (ADGG0408),,,2022-04-13,1,Manual,9000001969451.0,,196945.0,,179088.0
Manual. Comunicación oral y escrita en la empresa (UF0521). Certificados de profesionalidad. Operaciones auxiliares de servicios administrativos y generales (ADGG0408),,,2022-04-13,1,Manual,9000001969468.0,,196946.0,,179089.0
Manual. Plan de marketing empresarial (UF2392). Certificados de profesionalidad. Gestión de marketing y comunicación (COMM0112),,,2022-04-13,1,Manual,9000001969475.0,,196947.0,,179090.0
Manual. Control y seguimiento de políticas de marketing (UF2393). Certificados de profesionalidad. Gestión de marketing y comunicación (COMM0112),,,2022-04-13,1,Manual,9000001969482.0,,196948.0,,179091.0
Manual. Marketing y promoción en el punto de venta (UF2394). Certificados de profesionalidad. Gestión de marketing y comunicación (COMM0112),,,2022-04-13,1,Manual,9000001969499.0,,196949.0,,179092.0
Manual. Red de ventas y presentación de productos y servicios (UF2395).  Certificados de profesionalidad. Gestión de marketing y comunicación (COMM0112),,,2022-04-13,1,Manual,9000001969505.0,,196950.0,,179093.0
Manual. Organización de eventos de marketing y comunicación (UF2396). Certificados de profesionalidad. Gestión de marketing y comunicación (COMM0112),,,2022-04-13,1,Manual,9000001969512.0,,196951.0,,179094.0
Manual. Protocolo en eventos de marketing y comunicación (UF2397). Certificados de profesionalidad. Gestión de marketing y comunicación (COMM0112),,,2022-04-13,1,Manual,9000001969529.0,,196952.0,,179095.0
Manual. Plan de medios de comunicación e Internet (UF2398). Certificados de profesionalidad. Gestión de marketing y comunicación (COMM0112),,,2022-04-13,1,Manual,9000001969536.0,,196953.0,,179096.0
Manual. Evaluación y control del plan de medios (UF2399). Certificados de profesionalidad. Gestión de marketing y comunicación (COMM0112),,,2022-04-13,1,Manual,9000001969543.0,,196954.0,,179097.0
Manual. Técnicas de diseño gráfico corporativo (UF2400). Certificados de profesionalidad. Gestión de marketing y comunicación (COMM0112),,,2022-04-13,1,Manual,9000001969550.0,,196955.0,,179098.0
Manual. Gestión de contenidos Web (UF2401). Certificados de profesionalidad. Gestión de marketing y comunicación (COMM0112),,,2022-04-13,1,Manual,9000001969567.0,,196956.0,,179099.0
Manual. Inglés profesional para actividades comerciales (MF1002_2). Certificados de profesionalidad. Gestión de marketing y comunicación (COMM0112),,,2022-04-13,1,Manual,9000001969604.0,,196960.0,,179103.0
Manual. Investigación y recogida de información de mercados (UF1780). Certificados de profesionalidad. Gestión de marketing y comunicación (COMM0112),,,2022-04-13,1,Manual,9000001969611.0,,196961.0,,179104.0
Manual. Entorno e información de mercados (UF1779). Certificados de profesionalidad. Gestión de marketing y comunicación (COMM0112),,,2022-04-13,1,Manual,9000001969628.0,,196962.0,,179105.0
Manual. Tratamiento y análisis de la información de mercados (UF1781). Certificados de profesionalidad. Gestión de marketing y comunicación (COMM0112),,,2022-04-13,1,Manual,9000001969635.0,,196963.0,,179106.0
Manual. Limpieza de cristales en edificios y locales (MF1087_1). Certificados de profesionalidad. Limpieza de superficies y mobiliario en edificio y locales (SSCM0108),,,2022-04-20,1,Manual,9000001970938.0,,197093.0,,179193.0
Manual. Limpieza de cristales en edificios y locales (MF1087_1). Certificados de profesionalidad. Limpieza de superficies y mobiliario en edificio y locales (SSCM0108),,,2022-04-20,1,Manual,9000003274447.0,,327444.0,,179193.0
Manual. Técnicas y procedimientos de limpieza con utilización de maquinaria (MF1088_1). Certificados de profesionalidad. Limpieza de superficies y mobiliario en edificio y locales (SSCM0108),,,2022-04-20,1,Manual,9000001970945.0,,197094.0,,179194.0
Manual. Técnicas y procedimientos de limpieza con utilización de maquinaria (MF1088_1). Certificados de profesionalidad. Limpieza de superficies y mobiliario en edificio y locales (SSCM0108),,,2022-04-20,1,Manual,9000003274454.0,,327445.0,,179194.0
"Manual. Limpieza, tratamiento y mantenimiento de suelos, paredes y techos en edificios y locales (MF0972_1). Certificados de profesionalidad. Limpieza de superficies y mobiliario en edificio y locales (SSCM0108)",,,2022-04-20,1,Manual,9000001970952.0,,197095.0,,179195.0
"Manual. Limpieza, tratamiento y mantenimiento de suelos, paredes y techos en edificios y locales (MF0972_1). Certificados de profesionalidad. Limpieza de superficies y mobiliario en edificio y locales (SSCM0108)",,,2022-04-20,1,Manual,9000003272856.0,,327285.0,,179195.0
"Manual. Limpieza, tratamiento y mantenimiento de suelos, paredes y techos en edificios y locales (MF0972_1). Certificados de profesionalidad. Limpieza de superficies y mobiliario en edificio y locales (SSCM0108)",,,2022-04-20,1,Manual,9000003274461.0,,327446.0,,179195.0
Manual. Limpieza del mobiliario interior (MF0996_1). Certificados de profesionalidad. Limpieza de superficies y mobiliario en edificio y locales (SSCM0108),,,2022-04-20,1,Manual,9000001970969.0,,197096.0,,179196.0
Manual. Limpieza del mobiliario interior (MF0996_1). Certificados de profesionalidad. Limpieza de superficies y mobiliario en edificio y locales (SSCM0108),,,2022-04-20,1,Manual,9000003272849.0,,327284.0,,179196.0
Manual. Limpieza del mobiliario interior (MF0996_1). Certificados de profesionalidad. Limpieza de superficies y mobiliario en edificio y locales (SSCM0108),,,2022-04-20,1,Manual,9000003274478.0,,327447.0,,179196.0
Manual. Tratamiento básico de datos y hojas de cálculo (UF0511). Certificados de profesionalidad. Operaciones de grabación y tratamiento de datos y documentos (ADGG0508),,,2022-04-20,1,Manual,9000001971270.0,,197127.0,,179223.0
Manual. Transmisión de información por medios convencionales e informáticos (UF0512). Certificados de profesionalidad. Operaciones de grabación y tratamiento de datos y documentos (ADGG0508),,,2022-04-20,1,Manual,9000001971287.0,,197128.0,,179224.0
Manual. Atención al cliente en el proceso comercial (UF0349). Certificados de profesionalidad. Actividades de gestión administrativa (ADGD0308),,,2022-04-20,1,Manual,9000001971300.0,,197130.0,,179226.0
Manual. Gestión administrativa del proceso comercial (UF0350). Certificados de profesionalidad. Actividades de gestión administrativa (ADGD0308),,,2022-04-20,1,Manual,9000001971317.0,,197131.0,,179227.0
Manual. Aplicaciones informáticas de la gestión comercial (UF0351). Certificados de profesionalidad. Actividades de gestión administrativa (ADGD0308),,,2022-04-20,1,Manual,9000001971324.0,,197132.0,,179228.0
Manual. Gestión operativa de tesorería (MF0979_2). Certificados de profesionalidad. Actividades de gestión administrativa (ADGD0308),,,2022-04-20,1,Manual,9000001971331.0,,197133.0,,179229.0
Manual. Instalación de parques y jardines (UF0024). Certificados de profesionalidad. Jardinería y restauración del paisaje (AGAO0308M),,,2022-04-20,1,Manual,9000001971362.0,,197136.0,,179232.0
UF0512 - Transmisión de información por medios convencionales e informáticos,,,2022-04-26,1,Manual,9000001972437.0,,197243.0,,179323.0
Manual. Apoyo en la recepción y acogida en instituciones de personas dependientes (UF0127). Certificados de profesionalidad. Atención sociosanitaria a personas dependientes en instituciones sociales (SSCS0208),,,2022-04-28,1,Manual,9000001973014.0,,197301.0,,179377.0
Manual. Apoyo en la recepción y acogida en instituciones de personas dependientes (UF0127). Certificados de profesionalidad. Atención sociosanitaria a personas dependientes en instituciones sociales (SSCS0208),,,2022-04-28,1,Manual,9000003330587.0,,333058.0,,179377.0
Manual. Apoyo en la organización de actividades para personas dependientes en instituciones (UF0128). Certificados de profesionalidad. Atención sociosanitaria a personas dependientes en instituciones sociales (SSCS0208),,,2022-04-28,1,Manual,9000001973021.0,,197302.0,,179378.0
Manual. Apoyo en la organización de actividades para personas dependientes en instituciones (UF0128). Certificados de profesionalidad. Atención sociosanitaria a personas dependientes en instituciones sociales (SSCS0208),,,2022-04-28,1,Manual,9000003330549.0,,333054.0,,179378.0
Manual. Animación social de personas dependientes en instituciones (UF0129). Certificados de profesionalidad. Atención sociosanitaria a personas dependientes en instituciones sociales (SSCS0208),,,2022-04-28,1,Manual,9000001973038.0,,197303.0,,179379.0
Manual. Animación social de personas dependientes en instituciones (UF0129). Certificados de profesionalidad. Atención sociosanitaria a personas dependientes en instituciones sociales (SSCS0208),,,2022-04-28,1,Manual,9000003330556.0,,333055.0,,179379.0
Manual. Mantenimiento y mejora de las actividades diarias de personas dependientes en instituciones (UF0130). Certificados de profesionalidad. Atención sociosanitaria a personas dependientes en instituciones sociales (SSCS0208),,,2022-04-28,1,Manual,9000001973045.0,,197304.0,,179380.0
Manual. Mantenimiento y mejora de las actividades diarias de personas dependientes en instituciones (UF0130). Certificados de profesionalidad. Atención sociosanitaria a personas dependientes en instituciones sociales (SSCS0208),,,2022-04-28,1,Manual,9000003330563.0,,333056.0,,179380.0
Manual. Técnicas de comunicación con personas dependientes en instituciones (UF0131). Certificados de profesionalidad. Atención sociosanitaria a personas dependientes en instituciones sociales (SSCS0208),,,2022-04-28,1,Manual,9000001973052.0,,197305.0,,179381.0
Manual. Técnicas de comunicación con personas dependientes en instituciones (UF0131). Certificados de profesionalidad. Atención sociosanitaria a personas dependientes en instituciones sociales (SSCS0208),,,2022-04-28,1,Manual,9000003330570.0,,333057.0,,179381.0
Manual. Intervención en la atención higiénico-alimentaria en instituciones (MF1017_2). Certificados de profesionalidad. Atención sociosanitaria a personas dependientes en instituciones sociales (SSCS0208),,,2022-04-28,1,Manual,9000001973069.0,,197306.0,,179382.0
Manual. Intervención en la atención higiénico-alimentaria en instituciones (MF1017_2). Certificados de profesionalidad. Atención sociosanitaria a personas dependientes en instituciones sociales (SSCS0208),,,2022-04-28,1,Manual,9000003330594.0,,333059.0,,179382.0
Manual. Intervención en la atención sociosanitaria en instituciones (MF1018_2). Certificados de profesionalidad. Atención sociosanitaria a personas dependientes en instituciones sociales (SSCS0208),,,2022-04-28,1,Manual,9000001973076.0,,197307.0,,179383.0
Manual. Intervención en la atención sociosanitaria en instituciones (MF1018_2). Certificados de profesionalidad. Atención sociosanitaria a personas dependientes en instituciones sociales (SSCS0208),,,2022-04-28,1,Manual,9000003330600.0,,333060.0,,179383.0
UF1963 - Prevención de riesgos y gestión medioambiental en las operaciones auxiliares de montaje y mantenimiento de equipos electricos,,,2022-06-01,1,Manual,9000002006339.0,,VERTICE_9788416424412_MX,,180896.0
Manual. Atención y gestión de llamadas entrantes en un servicio de teleasistencia (MF1423_2). Certificados de profesionalidad. Gestión de llamadas de teleasistencia (SSCG0111),,,2022-04-28,1,Manual,9000001973304.0,,197330.0,,179406.0
Manual. Emisión y gestión de llamadas salientes en un servicio de teleasistencia (MF1424_2). Certificados de profesionalidad. Gestión de llamadas de teleasistencia (SSCG0111),,,2022-04-28,1,Manual,9000001973311.0,,197331.0,,179407.0
"Manual. Manejo de herramientas, técnicas y habilidades para la prestación de un servicio de teleasistencia (MF1425_2). Certificados de profesionalidad. Gestión de llamadas de teleasistencia (SSCG0111)",,,2022-04-28,1,Manual,9000001973328.0,,197332.0,,179408.0
Manual. Aplicación de normas y condiciones higiénico-sanitarias en restauración (UF0053). Certificados de profesionalidad. Operaciones básicas de restaurante y bar (HOTR0208),,,2022-04-28,1,Manual,9000001973724.0,,197372.0,,179448.0
Manual. Uso de la dotación básica del restaurante y asistencia en el preservicio (UF0058). Certificados de profesionalidad. Operaciones básicas de restaurante y bar (HOTR0208),,,2022-04-28,1,Manual,9000001973731.0,,197373.0,,179449.0
Manual. Servicio básico de alimentos y bebidas y tareas de postservicio en el restaurante (UF0059). Certificados de profesionalidad. Operaciones básicas de restaurante y bar (HOTR0208),,,2022-04-28,1,Manual,9000001973748.0,,197374.0,,179450.0
Manual. Aprovisionamiento y almacenaje de alimentos y bebidas en el bar (UF0060). Certificados de profesionalidad. Operaciones básicas de restaurante y bar (HOTR0208),,,2022-04-28,1,Manual,9000001973755.0,,197375.0,,179451.0
Manual. Preparación y servicio de bebidas y comidas rápidas en el bar (UF0061). Certificados de profesionalidad. Operaciones básicas de restaurante y bar (HOTR0208),,,2022-04-28,1,Manual,9000001973762.0,,197376.0,,179452.0
Inglés A2 (SSCE02). Especialidades formativas,,,2022-04-28,1,Manual,9000001974110.0,,197411.0,,179487.0
Manual. Ingles B1 SSCE03. Especialidades formativas,,,2022-04-28,1,Manual,9000001974127.0,,197412.0,,179488.0
Manual. Comunicación en lenguas extranjeras. Inglés N2 (FCOV05). Especialidades formativas,,,2022-04-28,1,Manual,9000001974189.0,,197418.0,,179494.0
Manual. Lengua Castellana. Nivel II (FCOV22). Especialidades formativas,,,2022-04-28,1,Manual,9000003283784.0,,328378.0,,179496.0
Manual. Competencia clave. Matemáticas Nivel II (FCOV23). Especialidades formativas,,,2022-04-28,1,Manual,9000003300788.0,,330078.0,,179498.0
UF1966 - Operaciones auxiliares en el mantenimiento de equipos electrónicos,,,2022-06-01,1,Manual,9000002006452.0,,VERTICE_9788416424528_MX,,180899.0
SSCE04 - Inglés B2,,,2022-06-01,1,Manual,9000002019919.0,,VERTICE_9788416432653_MX,,181572.0
Tratamiento básico de datos y hojas de cálculo,,,2022-06-30,1,Manual,9000002022964.0,,202296.0,,181786.0
UF0521 - Comunicación oral y escrita en la empresa Microsoft Office 2016,,,2022-07-01,1,Manual,9000002023039.0,,202303.0,,181793.0
Manual. Programación didáctica de acciones formativas para el empleo (MF1442_3). Certificados de profesionalidad. Docencia de la formación profesional para el empleo (SSCE0110),,,2022-07-14,1,Manual,9000002026672.0,,202667.0,,182081.0
"Manual. Selección, elaboración, adaptación y utilización de materiales, medios y recursos didácticos en formación profesional para el empleo (MF1443_3). Certificados de profesionalidad. Docencia de la formación profesional para el empleo (SSCE0110)",,,2022-07-14,1,Manual,9000002027686.0,,202768.0,,182182.0
Manual. Creación de contenidos digitales. Nivel básico (FCOI15). Especialidades formativas,,,2022-11-25,1,Manual,9000003272252.0,,327225.0,,184149.0
Manual. Impartición de acciones formativas para el empleo (UF1645). Certificados de profesionalidad. Docencia de la formación profesional para el empleo (SSCE0110),,,2022-07-14,1,Manual,9000002027693.0,,202769.0,,182183.0
Manual. Tutorización de acciones formativas para el empleo (UF1646). Certificados de profesionalidad. Docencia de la formación profesional para el empleo (SSCE0110),,,2022-07-14,1,Manual,9000002027709.0,,202770.0,,182184.0
Manual. Evaluación del proceso de enseñanza–aprendizaje en formación profesional para el empleo (MF1445_3). Certificados de profesionalidad. Docencia de la formación profesional para el empleo (SSCE0110),,,2022-07-14,1,Manual,9000002027716.0,,202771.0,,182185.0
Manual. Orientación laboral y promoción de la calidad (MF1446_3). Certificados de profesionalidad. Docencia de la formación profesional para el empleo (SSCE0110),,,2022-07-14,1,Manual,9000002027723.0,,202772.0,,182186.0
0447 EL CELADOR EN EL ÁREA DE URGENCIAS,,,2022-10-05,1,Manual,9000003274348.0,,327434.0,,183180.0
Manual. Preparación de pedidos (MF1326_1). Certificados de profesionalidad. Actividades auxiliares de almacén (COML0110). EBC,,,2022-11-14,1,Manual,9000002052152.0,,205215.0,,183930.0
Manual. Alfabetización informática: Informática e Internet (FCOI02). Especialidades Formativas,,,2022-11-25,1,Manual,9000002055030.0,,205503.0,,184150.0
Diseño Asistido por Ordenador con Autocad ARGG006PO,,,2022-12-15,1,Manual,9000002058789.0,,205878.0,,184452.0
Manual. Iniciación en competencias digitales básicas (FCOI06). Especialidades formativas,,,2023-01-05,1,Manual,9000002063110.0,,206311.0,,184775.0
Manual. Competencias digitales básicas para el empleo (FCOI07). Especialidades formativas,,,2023-03-02,1,Manual,9000002083118.0,,208311.0,,186011.0
Manual. Soft skills en procesos de selección de recursos humanos en las empresas (FCOO11). Especialidades formativas,,,2023-03-02,1,Manual,9000002083217.0,,208321.0,,186020.0
Manual. Firma electrónica y seguridad en internet (FCOO004PO). Especialidades formativas,,,2023-03-09,1,Manual,9000002395495.0,,239549.0,,186177.0
Manual. Atención sociosanitaria a personas dependientes con Alzheimer u otras demencias en instituciones sociales (SSCG01). Especialidades formativas,,,2023-03-21,1,Manual,9000003272399.0,,327239.0,,188705.0
Manual. Intervención del empleo doméstico en el cuidado de personas mayores (SSCG02). Especialidades formativas,,,2023-03-21,1,Manual,9000003278278.0,,327827.0,,188707.0
Manual. Intervención del empleo doméstico en el cuidado de personas mayores (SSCG02). Especialidades formativas,,,2023-03-21,1,Manual,9000003289397.0,,328939.0,,188707.0
Manual. Atención integral y centrada en la persona para profesionales de atención continuada en centros y domicilios (SSCG06). Especialidades formativas,,,2023-03-21,1,Manual,9000003274515.0,,327451.0,,188711.0
Manual. Gestión fiscal (ADGD02). Especialidades formativas,,,2023-03-23,1,Manual,9000002117257.0,,211725.0,,189164.0
Manual. Gestión auxiliar de personal (MF0980_2). Certificados de profesionalidad. Actividades de gestión administrativa (ADGD0308),,,2023-03-24,1,Manual,9000002117585.0,,211758.0,,189186.0
UF0517 - Organización empresarial y de recursos humanos.,,,2023-03-30,1,Manual,9000002120974.0,,212097.0,,189469.0
UF0519 - Gestión auxiliar de documentación económico administrativa y comercial,,,2023-03-30,1,Manual,9000002120981.0,,212098.0,,189470.0
UF0510 - Procesadores de textos y presentaciones de información básicos,,,2023-03-30,1,Manual,9000002121018.0,,212101.0,,189471.0
Manual. Grabación de datos (MF0973_1). Certificados de profesionalidad. Operaciones de grabación y tratamiento de datos y documentos (ADGG0508),,,2023-04-17,1,Manual,9000002125016.0,,212501.0,,189762.0
Manual. Gestión auxiliar de archivo en soporte convencional o informático (UF0513). Certificados de profesionalidad. Operaciones de grabación y tratamiento de datos y documentos (ADGG0508),,,2023-04-17,1,Manual,9000002125023.0,,212502.0,,189763.0
Manual. Gestión auxiliar de reproducción en soporte convencional o informático (UF0514). Certificados de profesionalidad. Operaciones de grabación y tratamiento de datos y documentos (ADGG0508),,,2023-04-17,1,Manual,9000002125030.0,,212503.0,,189764.0
Manual. Dirección y estrategias de la actividad e intermediación comercial (UF1723). Certificados de profesionalidad. Gestión comercial de ventas (COMT0411),,,2023-05-11,1,Manual,9000002132960.0,,213296.0,,190380.0
Manual. Gestión económico-financiera básica de la actividad de ventas e intermediación comercial (UF1724). Certificados de profesionalidad. Gestión comercial de ventas (COMT0411),,,2023-05-11,1,Manual,9000002132977.0,,213297.0,,190381.0
Manual. Promociones en espacios comerciales (MF0503_3). Certificados de profesionalidad. Gestión comercial de ventas (COMT0411),,,2023-05-11,1,Manual,9000002132984.0,,213298.0,,190382.0
Manual. Gestión de la fuerza de ventas y equipos comerciales (MF1001_3). Certificados de profesionalidad. Gestión comercial de ventas (COMT0411),,,2023-05-11,1,Manual,9000002132991.0,,213299.0,,190383.0
Manual. Inglés profesional para Actividades comerciales (MF1002_2). Certificados de profesionalidad. Gestión comercial de ventas (COMT0411),,,2023-05-11,1,Manual,9000002133004.0,,213300.0,,190384.0
Manual. Venta On-Line (UF0032). Certificados de profesionalidad. Gestión comercial de ventas (COMT0411),,,2023-05-11,1,Manual,9000002133011.0,,213301.0,,190385.0
Manual. Técnicas de venta (UF0031). Certificados de profesionalidad. Gestión comercial de ventas (COMT0411),,,2023-05-11,1,Manual,9000002133028.0,,213302.0,,190386.0
Manual. Organización de procesos de venta (UF0030). Certificados de profesionalidad. Gestión comercial de ventas (COMT0411),,,2023-05-11,1,Manual,9000002133035.0,,213303.0,,190387.0
Manual. Competencias para el desarrollo de los recursos humanos de la empresa (FCOO12). Especialidades formativas,,,2023-06-26,1,Manual,9000002149982.0,,214998.0,,191565.0
ARGG0016 DISEÑO ASISTIDO AUTOCAD 3D,,,2025-07-18,1,Manual,9000003319810.0,,331981.0,,300702.0
Manual. Actividades de educación en el tiempo libre infantil y juvenil (MF1866_2). Certificados de profesionalidad. Dinamización de actividades de tiempo libre educativo infantil y juvenil (SSCB0209),,,2023-07-19,1,Manual,9000002161588.0,,216158.0,,192533.0
Manual. Procesos grupales y educativos en el tiempo libre infantil y juvenil (MF1867_2). Certificados de profesionalidad. Dinamización de actividades de tiempo libre educativo infantil y juvenil (SSCB0209),,,2023-07-19,1,Manual,9000002161595.0,,216159.0,,192534.0
Manual. Técnicas y recursos de animación en actividades de tiempo libre (MF1868_2). Certificados de profesionalidad. Dinamización de actividades de tiempo libre educativo infantil y juvenil (SSCB0209),,,2023-07-19,1,Manual,9000002161601.0,,216160.0,,192535.0
Manual. Coordinación y dinamización del equipo de monitores de tiempo libre (MF1870_3). Certificados de profesionalidad. Dirección y coordinación de actividades de tiempo libre educativo infantil y juvenil (SSCB0211),,,2023-07-19,1,Manual,9000002161618.0,,216161.0,,192536.0
Manual. Contextualización del tiempo libre infantil y juvenil en el entorno social (UF1947). Certificados de profesionalidad. Dirección y coordinación de actividades de tiempo libre educativo infantil y juvenil (SSCB0211),,,2023-07-19,1,Manual,9000002161625.0,,216162.0,,192537.0
Intervención en la atención sociosanitaria en instituciones. MF1018_2,,,2023-10-09,1,Manual,9000002181173.0,,218117.0,,194028.0
"Manual. Programación, ejecución y difusión de proyectos educativos en el tiempo libre (UF1948). Certificados de profesionalidad. Dirección y coordinación de actividades de tiempo libre educativo infantil y juvenil (SSCB0211)",,,2023-07-19,1,Manual,9000002161632.0,,216163.0,,192538.0
Manual. Procesos grupales y educativos en el tiempo libre infantil y juvenil (MF1867_2). Certificados de profesionalidad. Dirección y coordinación de actividades de tiempo libre educativo infantil y juvenil (SSCB0211),,,2023-07-19,1,Manual,9000002161649.0,,216164.0,,192539.0
Manual. Técnicas y recursos de animación en actividades de tiempo libre (MF1868_2). Certificados de profesionalidad. Dirección y coordinación de actividades de tiempo libre educativo infantil y juvenil (SSCB0211),,,2023-07-19,1,Manual,9000002161656.0,,216165.0,,192540.0
UF0513 - Gestión auxiliar de archivo en soporte convencional o informático Windows 10 y Access 2019,,,2023-08-08,1,Manual,9000002165814.0,,216581.0,,192859.0
Atencion al paciente con deterioro cognitivo de origen neurodegenerativo,,,2023-09-21,1,Manual,9000002175134.0,,217513.0,,193576.0
Manual. Aprovisionamiento y almacenaje de la venta (UF0033). Certificados de profesionalidad. Actividades de venta (COMV0108),,,2023-10-09,1,Manual,9000002180596.0,,218059.0,,193974.0
Manual. Animación y presentación del producto en el punto de venta (UF0034). Certificados de profesionalidad. Actividades de venta (COMV0108),,,2023-10-09,1,Manual,9000002180602.0,,218060.0,,193975.0
Manual. Operaciones de caja en la venta (UF0035). Certificados de profesionalidad. Actividades de venta (COMV0108),,,2023-10-09,1,Manual,9000002180619.0,,218061.0,,193976.0
Manual. Organización de procesos de venta (UF0030). Certificados de profesionalidad. Actividades de venta (COMV0108),,,2023-10-09,1,Manual,9000002180664.0,,218066.0,,193978.0
Manual. Técnicas de venta (UF0031). Certificados de profesionalidad. Actividades de venta (COMV0108),,,2023-10-09,1,Manual,9000002180688.0,,218068.0,,193979.0
Manual. Venta On-Line (UF0032). Certificados de profesionalidad. Actividades de venta (COMV0108),,,2023-10-09,1,Manual,9000002180695.0,,218069.0,,193980.0
Manual. Gestión de la atención al cliente / consumidor (UF0036). Certificados de profesionalidad. Actividades de venta (COMV0108),,,2023-10-09,1,Manual,9000002180701.0,,218070.0,,193981.0
Desarrollo de aplicaciones web en el entorno servidor UF1844,,,2023-10-18,1,Manual,9000002187519.0,,218751.0,,194544.0
Manual. Técnicas de información y atención al cliente / consumidor / usuario (UF0037). Certificados de profesionalidad. Actividades de venta (COMV0108),,,2023-10-09,1,Manual,9000002180718.0,,218071.0,,193982.0
Manual. Operaciones auxiliares en el punto de venta (MF1327_1). Certificados de profesionalidad. Actividades auxiliares de comercio (COMT0211),,,2023-10-09,1,Manual,9000002180756.0,,218075.0,,193986.0
Manual. Operaciones auxiliares en el punto de venta (MF1327_1). Certificados de profesionalidad. Actividades auxiliares de comercio (COMT0211),,,2023-10-09,1,Manual,9000003278148.0,,327814.0,,193986.0
Manual. Manipulación y movimientos con transpalés y carretillas de mano (MF1328_1). Certificados de profesionalidad. Actividades auxiliares de comercio (COMT0211),,,2023-10-09,1,Manual,9000002180763.0,,218076.0,,193987.0
Manual. Atención básica al cliente (MF1329_1). Certificados de profesionalidad. Actividades auxiliares de comercio (COMT0211),,,2023-10-09,1,Manual,9000002180770.0,,218077.0,,193988.0
Manual. Preparación de pedidos (MF1326_1). Certificados de profesionalidad. Actividades auxiliares de comercio (COMT0211),,,2023-10-09,1,Manual,9000002180794.0,,218079.0,,193990.0
Apoyo en la organización de actividades para personas dependientes en instituciones. UF0128,,,2023-10-09,1,Manual,9000002181098.0,,218109.0,,194020.0
Aplicación de técnicas de usabilidad y accesibilidad en el entorno cliente UF1843,,,2023-10-18,1,Manual,9000002187526.0,,218752.0,,194545.0
Apoyo en la recepción y acogida en instituciones de personas dependientes. UF0127,,,2023-11-22,1,Manual,9000002198935.0,,219893.0,,195352.0
Manual. Formación de formadores en e-learning (SSCE075PO). Especialidades formativas,,,2024-01-10,1,Manual,9000002210293.0,,221029.0,,196151.0
UF1845 - Acceso a datos en aplicaciones web del entorno servidor. IFCD0210,,,2024-02-06,1,Manual,9000002219326.0,,221932.0,,196688.0
UF1846 Desarrollo de aplicaciones web distribuidas IFCD0210,,,2024-03-05,1,Manual,9000002229264.0,,222926.0,,197270.0
"Manual. Programación didáctica de acciones formativas para el empleo (MF1442_3). Habilitación para la Docencia en grados A, B y C del Sistema de Formación Profesional (SSCE0110). Certificados profesionales.",,,2024-03-20,1,Manual,9000002234275.0,,223427.0,,197584.0
"Manual. Selección, elaboración, adaptación y utilización de materiales, medios y recursos didácticos en formación profesional para el empleo (MF1443_3). Habilitación para la Docencia en grados A, B y C del Sistema de Formación Profesional (SSCE0110).",,,2024-03-20,1,Manual,9000002234282.0,,223428.0,,197585.0
"Manual. Impartición de acciones formativas para el empleo (MF1444_3/UF1645). Habilitación para la Docencia en grados A, B y C del Sistema de Formación Profesional (SSCE0110). Certificados profesionales.",,,2024-03-20,1,Manual,9000002234299.0,,223429.0,,197586.0
"Manual. Tutorización de acciones formativas para el empleo (MF1444_3/UF1646). Habilitación para la Docencia en grados A, B y C del Sistema de Formación Profesional (SSCE0110). Certificados profesionales.",,,2024-03-20,1,Manual,9000002234305.0,,223430.0,,197587.0
"Manual. Evaluación del proceso de enseñanza-aprendizaje en formación profesional para el empleo (MF1445_3). Habilitación para la Docencia en grados A, B y C del Sistema de Formación Profesional (SSCE0110). Certificados profesionales.",,,2024-03-20,1,Manual,9000002234312.0,,223431.0,,197588.0
"Manual. Orientación laboral y promoción de la calidad en la formación profesional para el empleo (MF1446_3). Habilitación para la Docencia en grados A, B y C del Sistema de Formación Profesional (SSCE0110). Certificados profesionales.",,,2024-03-20,1,Manual,9000002234329.0,,223432.0,,197589.0
Libro digital. Manual. Formación de formadores en e-learning (SSCE075PO). Especialidades formativas,,,2024-03-25,2,Cuaderno,9000002236217.0,,223621.0,,197689.0
Manual. Inteligencia artificial (IA) aplicada a marketing digital (COMM18). Especialidades formativas,,,2024-06-03,1,Manual,9000002257915.0,,225791.0,,199040.0
"MF0493_3 Implantación de aplicaciones web en entornos internet, intranet y extranet.",,,2024-06-06,1,Manual,9000002259841.0,,225984.0,,199154.0
Técnicas administrativas básicas 2.ª edición,,,2024-09-05,1,Manual,9000002365092.0,,236509.0,,208874.0
Actividades en el ocio y el tiempo libre SSCB03,,,2024-11-05,1,Manual,9000002390896.0,,239089.0,,210893.0
Docencia digital de la formación profesional SSCE31 - Especialidades Formativas,,,2025-01-09,1,Manual,9000002408034.0,,240803.0,,212021.0
UF0926: Diseño y organización del almacén - MF1014_3  COML0309,,,2025-01-20,1,Manual,9000003221373.0,,322137.0,,293222.0
UF0927 Gestión del equipo de trabajo del almacén - MF1014_3  COML0309,,,2025-01-20,1,Manual,9000003221380.0,,322138.0,,293223.0
UF0928: Seguridad y prevención de riesgos en el almacén - MF1014_3  COML0309,,,2025-01-20,1,Manual,9000003221397.0,,322139.0,,293224.0
UF0929: Gestión de pedidos y stock - MF1015_2   COML0309,,,2025-01-20,1,Manual,9000003222134.0,,322213.0,,293298.0
ENGLISH FOR ADULTS TODAY 1 ST 17,,,2025-03-12,1,Manual,9000003272214.0,,327221.0,,297430.0
SSCB02	COORDINACIÓN Y APOYO A LA DIRECCIÓN DE RECURSOS Y SERVICIOS DIRIGIDOS A LAS PERSONAS MAYORES,,,2025-04-11,1,Manual,9000003283807.0,,328380.0,,298187.0
SSCI003PO COORDINACIÓN DE EQUIPOS DE LIMPIEZA,,,2025-04-11,1,Manual,9000003283814.0,,328381.0,,298188.0
FCOL002PO ESPAÑOL ELEMENTAL PARA EXTRANJEROS,,,2025-04-11,1,Manual,9000003283821.0,,328382.0,,298189.0
COML0006 / COML023PO Gestión Logística - Especialidad Formativa,,,2025-05-13,1,Manual,9000003294223.0,,329422.0,,298899.0
"ADGA0003HV Contrato, nómina, finiquitos y seguridad social",,,2025-05-14,1,Manual,9000003295374.0,,329537.0,,298999.0
SANT023PO Cuidados auxiliares básicos en enfermería,,,2025-05-20,1,Manual,9000003298191.0,,329819.0,,299200.0
UF0408: Replanteo y preparación de tuberías (MF1154_1) IMAI0108,,,2025-05-21,1,Manual,9000003298825.0,,329882.0,,299261.0
UF0409: Manipulación y ensamblaje de tuberías (MF1154_1) IMAI0108,,,2025-05-21,1,Manual,9000003298832.0,,329883.0,,299262.0
"UF0410: Prevención de riesgos, seguridad laboral y medioambiental en la instalación de aparatos y tuberías",,,2025-05-21,1,Manual,9000003298849.0,,329884.0,,299263.0
UF0411: Instalación y mantenimiento de aparatos sanitarios de uso doméstico. (MF1155_1) IMAI0108,,,2025-05-21,1,Manual,9000003298856.0,,329885.0,,299264.0
UF0412: Instalación y puesta en marcha de aparatos de calefacción y climatización de uso doméstico. (MF1155_1) IMAI0108,,,2025-05-21,1,Manual,9000003298863.0,,329886.0,,299265.0
UF1962: Ensamblado de componentes de equipos eléctricos y electrónico (MF1559_1) ELEQ0111,,,2025-05-21,1,Manual,9000003298955.0,,329895.0,,299274.0
UF1963: Prevención de riesgos laborales y medioambientales en las operaciones auxiliares de montaje y mantenimiento de equipos eléctricos y electrónicos.,,,2025-05-21,1,Manual,9000003298962.0,,329896.0,,299275.0
SANT0079 Actuación del celador en los servicios de urgencias,,,2025-05-27,1,Manual,9000003301433.0,,330143.0,,299427.0
UF1964: Conexionado de componentes en equipos eléctricos y electrónicos. (MF1560_1) ELEQ0111,,,2025-05-27,1,Manual,9000003301532.0,,330153.0,,299438.0
UF1965: Operaciones auxiliares en el mantenimiento de equipos eléctricos. (MF1561_1) ELEQ0111,,,2025-05-27,1,Manual,9000003301549.0,,330154.0,,299439.0
UF1966: Operaciones auxiliares en el mantenimiento de equipos electrónicos. (MF1561_1) ELEQ0111,,,2025-05-27,1,Manual,9000003301556.0,,330155.0,,299440.0
Guía del docente. ELEQ0111 Operaciones auxiliares de montaje y mantenimiento de equipos eléctricos y electrónicos,,,2025-05-27,1,Manual,9000003301563.0,,330156.0,,299441.0
UF1841: Elaboración de documentos web mediante lenguajes de marca (MF0491_3) IFCD0210,,,2025-05-27,1,Manual,9000003301624.0,,330162.0,,299443.0
ADGG039PO Internet y fundamentos de diseño de páginas web,,,2025-06-10,1,Manual,9000003307961.0,,330796.0,,299870.0
ENAL005PO MERCADO ENERGÉTICO Y CONTRATACIÓN DE LA ENERGÍA,,,2025-07-18,1,Manual,9000003319827.0,,331982.0,,300703.0
SSCI031PO TANATOPRAXIA,,,2025-07-22,1,Manual,9000003320922.0,,332092.0,,300811.0
Archivo y comunicación 2.ª edición,,,2025-07-22,1,Manual,9000003321165.0,,332116.0,,300835.0
COMM18 Inteligencia artificial (IA) aplicada al marketing digital,,,2025-08-01,1,Manual,9000003324012.0,,332401.0,,301053.0
Implantación y control de un sistema contable informatizado. UF0316,,,2025-08-05,1,Manual,9000003324449.0,,332444.0,,301079.0
Promoción Pack completo. Inserción Laboral de Personas con  Discapacidad (SSCG0109) (EDICIONES PARANINFO SA),,,2025-08-25,1,Manual,9000003327129.0,,332712.0,,301270.0
IFCT163PO Inteligencia artificial aplicada a la empresa,,,2025-09-03,1,Manual,9000003329963.0,,332996.0,,301486.0
Cruz Roja Murcia 17x24 - Paraninfo,,,2025-09-05,4,OTRO,9000003330778.0,,333077.0,,301555.0
